iid,gender,dates,match,per_match,field_cd,race,age,imprace,imprelig,goal,date,go_out,attr3_1,sinc3_1,fun3_1,intel3_1,amb3_1
1,0,10,4,0.4,1,4,21,2,4,2,7,1,6,8,8,8,7
2,0,10,2,0.2,1,2,24,2,5,1,5,1,7,5,10,8,3
3,0,10,0, -   ,2,2,25,8,4,6,3,1,8,9,8,9,8
4,0,10,2,0.2,1,2,23,1,1,1,5,1,7,8,9,7,8
5,0,10,2,0.2,1,2,21,8,1,2,4,1,6,3,6,10,8
6,0,10,2,0.2,1,4,23,1,1,1,3,1,5,7,8,9,5
7,0,10,2,0.2,1,4,22,2,4,1,5,1,6,6,5,7,7
8,0,10,8,0.8,13,2,25,1,1,1,5,1,7,4,8,8,8
9,0,10,7,0.7,13,6,26,1,1,1,4,1,7,6,10,7,7
10,0,10,2,0.2,13,2,26,4,4,2,6,1,6,8,10,6,9
11,1,10,0, -   ,8,2,27,7,3,1,5,4,8,9,7,8,5
12,1,10,2,0.2,1,2,22,1,1,1,1,1,9,9,9,10,9
13,1,10,4,0.4,1,4,22,3,5,2,7,1,4,7,8,8,3
14,1,10,8,0.8,1,2,23,1,1,2,4,1,9,9,9,9,9
15,1,10,3,0.3,1,3,24,3,1,1,4,1,7,7,7,9,9
16,1,10,2,0.2,8,2,25,9,2,1,5,1,6,6,8,8,6
17,1,10,1,0.1,13,2,30,1,1,3,3,2,7,7,6,8,4
18,1,10,1,0.1,8,2,27,8,8,1,6,1,6,8,6,8,9
19,1,10,9,0.9,8,2,28,1,1,4,1,1,10,6,10,10,10
20,1,10,1,0.1,8,2,24,1,1,1,1,1,7,7,10,10,10
21,0,16,0, -   ,5,4,21,8,10,6,7,4,5,9,7,9,10
22,0,16,2,0.13,9,1,27,1,2,1,6,2,7,8,7,8,7
23,0,16,3,0.19,3,4,21,9,6,1,1,1,5,8,6,7,8
24,0,16,0, -   ,11,2,27,2,3,2,6,4,7,9,9,8,8
25,0,16,0, -   ,11,2,25,10,2,1,5,2,7,9,7,8,6
26,0,16,0, -   ,11,2,23,2,4,1,5,2,7,8,8,8,8
27,0,16,2,0.13,3,3,22,1,5,1,6,2,6,6,7,7,7
28,0,16,1,0.06,3,2,26,0,0,0,0,0,0,0,0,0,0
29,0,16,2,0.13,11,2,22,4,5,1,6,1,6,9,8,7,8
30,0,16,2,0.13,1,2,23,2,4,1,7,2,7,8,9,8,8
31,0,16,4,0.25,1,2,24,4,8,1,4,3,8,8,9,8,9
32,0,16,0, -   ,3,4,27,1,1,1,4,2,7,5,9,9,7
33,0,16,0, -   ,3,2,30,4,8,6,6,1,6,8,6,8,8
34,0,16,2,0.13,8,4,21,2,2,1,6,2,7,7,7,7,8
35,0,16,5,0.31,2,2,25,9,7,1,6,3,8,9,9,9,7
36,0,16,2,0.13,2,2,26,7,8,2,5,2,8,7,8,8,6
37,0,16,2,0.13,3,2,27,5,8,2,6,2,7,8,7,9,5
38,0,16,3,0.19,1,1,23,8,1,1,4,3,8,2,7,8,8
39,0,16,1,0.06,1,3,24,6,4,5,6,4,6,9,6,8,7
40,1,19,0, -   ,0,4,25,9,6,2,7,7,3,10,8,9,5
41,1,19,0, -   ,1,4,30,1,1,2,6,5,5,7,5,8,5
42,1,19,0, -   ,5,4,23,1,6,2,7,4,6,9,6,8,4
43,1,19,1,0.05,8,2,24,1,1,6,6,3,3,8,3,7,2
44,1,19,4,0.21,3,2,24,3,3,1,3,1,7,9,8,9,9
45,1,19,4,0.21,8,2,28,6,6,2,6,3,7,8,6,8,7
46,1,19,4,0.21,8,2,26,2,3,2,6,2,7,8,5,7,7
47,1,19,1,0.05,8,2,30,2,2,1,6,1,8,7,9,9,3
48,1,19,1,0.05,12,2,22,9,2,1,5,2,7,9,6,7,6
49,1,19,6,0.32,8,4,25,1,3,1,3,2,7,10,10,10,8
50,1,19,4,0.21,1,1,27,4,4,6,6,2,8,9,9,10,8
51,1,19,1,0.05,1,2,23,5,10,1,5,3,6,8,2,10,2
52,1,19,1,0.05,1,2,21,10,9,1,4,1,5,8,6,8,7
53,1,19,1,0.05,4,2,28,2,2,2,6,2,8,9,8,8,8
54,1,19,0, -   ,8,2,28,1,1,5,5,1,8,9,8,8,8
55,1,19,3,0.16,1,1,23,1,1,6,4,2,6,10,10,9,10
56,0,10,2,0.2,11,2,23,10,9,1,3,1,10,10,9,8,5
57,0,10,1,0.1,11,2,22,10,10,3,5,2,6,10,10,9,10
58,0,10,2,0.2,0,0,0,0,0,0,0,0,0,0,0,0,0
59,0,10,0, -   ,0,0,0,0,0,0,0,0,0,0,0,0,0
60,0,10,1,0.1,3,6,29,3,10,4,6,2,7,9,9,9,9
61,0,10,2,0.2,7,2,28,1,5,1,5,2,7,10,7,10,7
62,0,10,3,0.3,1,3,26,1,1,2,7,2,9,9,9,9,9
63,0,10,1,0.1,1,4,24,1,3,3,6,1,6,8,9,8,7
64,0,10,1,0.1,11,4,27,6,3,2,6,5,8,8,6,9,9
65,0,10,0, -   ,11,6,23,6,3,2,5,3,7,9,9,8,9
66,1,10,1,0.1,8,3,29,1,1,2,6,4,6,7,7,8,8
67,1,10,2,0.2,1,6,22,1,1,6,5,2,5,7,6,7,7
68,1,10,0, -   ,6,1,27,1,1,5,4,3,6,8,7,8,8
69,1,10,2,0.2,8,2,28,2,2,6,6,1,5,9,5,8,8
70,1,10,1,0.1,8,2,26,5,1,5,2,1,8,6,8,9,6
71,1,10,3,0.3,1,2,21,6,7,5,6,2,6,8,8,10,10
72,1,10,0, -   ,5,2,22,8,1,5,6,1,7,9,8,8,8
73,1,10,0, -   ,8,2,22,7,3,6,4,2,7,7,8,7,8
74,1,10,2,0.2,5,2,25,3,1,5,7,2,7,9,9,8,7
75,1,10,2,0.2,1,6,24,3,3,6,5,3,7,7,8,8,8
76,0,18,5,0.28,6,2,34,5,7,2,7,2,6,6,6,8,4
77,0,18,6,0.33,11,2,22,2,2,1,4,2,6,8,8,8,8
78,0,18,3,0.17,11,3,23,1,4,2,7,3,3,10,3,8,8
79,0,18,3,0.17,5,4,26,8,8,2,7,1,7,9,8,7,7
80,0,18,3,0.17,10,4,27,3,1,1,5,4,8,8,8,8,8
81,0,18,3,0.17,6,2,28,6,9,5,5,2,8,7,8,7,7
82,0,18,5,0.28,9,6,25,2,7,1,3,2,8,9,8,8,7
83,0,18,2,0.11,8,3,35,1,5,2,6,1,5,9,9,5,5
84,0,18,2,0.11,10,3,32,1,1,2,4,1,7,9,7,8,5
85,0,18,1,0.06,11,2,30,3,5,2,6,4,7,9,9,8,9
86,0,18,8,0.44,3,2,22,1,1,2,7,1,7,9,9,9,4
87,0,18,2,0.11,11,2,23,8,10,1,3,2,9,9,9,9,9
88,0,18,0, -   ,11,2,23,8,7,1,4,4,9,9,9,9,9
89,0,18,2,0.11,8,2,27,3,2,1,7,3,8,9,8,9,10
90,0,18,1,0.06,10,4,23,4,1,2,7,7,5,8,5,7,5
91,0,18,8,0.44,1,6,25,6,8,1,3,2,6,7,7,9,8
92,0,18,7,0.39,9,2,29,1,2,5,6,1,9,10,9,9,9
93,0,18,4,0.22,5,2,29,2,2,1,5,1,8,8,8,8,7
94,1,18,3,0.17,8,4,28,6,8,2,6,3,6,9,9,9,7
95,1,18,1,0.06,8,2,26,7,5,1,5,2,7,9,8,10,7
96,1,18,0, -   ,5,3,26,3,6,1,7,1,7,9,9,9,9
97,1,18,5,0.28,10,2,29,4,1,2,5,2,7,5,7,6,6
98,1,18,2,0.11,11,2,39,1,1,4,4,2,8,8,8,8,8
99,1,18,8,0.44,1,2,28,1,1,3,3,2,10,10,10,10,8
100,1,18,2,0.11,8,6,30,8,9,1,3,2,7,8,8,9,6
101,1,18,0, -   ,8,4,22,3,2,3,4,3,8,8,8,9,9
102,1,18,1,0.06,10,2,32,2,6,1,4,4,8,5,7,10,9
103,1,18,1,0.06,8,2,26,8,9,2,4,1,8,8,8,9,9
104,1,18,5,0.28,10,2,27,6,8,2,5,3,9,8,7,9,9
105,1,18,8,0.44,1,1,25,1,1,2,7,1,8,7,9,8,6
106,1,18,2,0.11,1,3,22,1,3,5,7,3,4,7,3,9,2
107,1,18,11,0.61,7,2,21,1,1,1,4,1,7,9,9,9,6
108,1,18,4,0.22,5,2,24,1,1,1,6,3,4,8,3,7,2
109,1,18,8,0.44,14,4,25,1,1,1,4,1,6,9,8,9,8
110,1,18,4,0.22,14,2,28,4,6,2,6,1,7,9,8,8,7
111,1,18,0, -   ,8,4,27,7,1,5,5,1,5,8,5,8,5
112,0,10,6,0.6,3,6,20,1,1,1,3,1,9,10,9,9,9
113,0,10,3,0.3,8,2,21,3,8,1,4,1,8,10,10,8,9
114,0,10,1,0.1,8,1,20,2,4,2,7,4,7,9,8,6,7
115,0,10,3,0.3,3,2,21,10,7,1,5,1,8,7,8,9,8
116,0,10,4,0.4,13,2,21,4,1,1,1,1,8,9,8,9,9
117,0,10,1,0.1,8,2,21,8,10,1,3,1,8,7,8,8,8
119,0,10,5,0.5,16,3,19,5,2,1,3,1,8,10,10,10,10
120,0,10,4,0.4,6,3,20,1,4,5,4,3,6,8,8,8,9
121,0,10,0, -   ,3,2,21,8,1,5,7,1,2,9,9,7,9
122,1,10,3,0.3,1,6,22,1,1,1,3,1,7,10,8,8,8
123,1,10,0, -   ,5,4,18,3,5,2,5,1,8,7,7,7,8
124,1,10,0, -   ,8,4,22,1,1,2,4,1,8,8,10,10,10
125,1,10,7,0.7,4,2,21,3,1,1,3,1,9,6,10,9,10
126,1,10,2,0.2,7,2,22,7,5,4,6,3,9,10,9,9,9
127,1,10,4,0.4,5,2,22,1,1,6,5,1,8,8,9,9,8
128,1,10,6,0.6,5,2,21,3,1,1,3,2,8,7,7,8,7
129,1,10,3,0.3,8,2,0,1,1,3,3,3,8,8,8,8,8
130,1,10,2,0.2,5,4,20,4,1,1,6,2,5,6,6,6,6
131,1,10,0, -   ,5,4,19,4,1,2,7,3,4,6,4,6,6
132,0,5,1,0.2,8,2,27,10,1,1,7,2,8,10,10,9,10
133,0,5,0, -   ,5,4,24,8,6,1,6,5,6,8,7,8,7
134,0,5,1,0.2,10,2,23,8,10,1,5,3,7,8,8,8,8
135,0,5,2,0.4,3,2,26,9,6,1,7,2,9,10,7,9,6
136,0,5,1,0.2,0,0,0,0,0,0,0,0,0,0,0,0,0
137,1,5,1,0.2,8,4,26,1,1,1,4,1,7,9,8,9,8
138,1,5,1,0.2,8,2,32,9,6,1,3,2,8,8,8,8,8
139,1,5,0, -   ,5,4,37,6,1,1,6,3,8,8,9,9,6
140,1,5,2,0.4,8,2,29,5,5,1,5,2,7,7,9,8,8
141,1,5,1,0.2,8,3,28,4,4,1,6,2,7,9,8,8,6
142,0,16,7,0.44,13,2,24,1,4,1,5,2,9,9,9,10,7
143,0,16,0, -   ,1,2,33,6,2,2,7,4,7,10,7,8,7
144,0,16,1,0.06,10,2,23,5,2,1,5,2,7,8,8,9,9
145,0,16,0, -   ,10,2,24,9,7,2,7,1,5,5,7,9,7
146,0,16,1,0.06,6,2,36,1,7,4,7,1,8,8,8,8,8
147,0,16,5,0.31,8,4,26,3,3,5,5,1,8,7,8,9,7
148,0,16,1,0.06,8,4,27,7,4,5,4,1,8,9,9,9,8
149,0,16,5,0.31,13,2,28,3,3,1,5,2,8,8,8,8,8
150,0,16,2,0.13,7,2,31,3,3,4,5,2,7,9,8,9,8
151,0,16,2,0.13,13,2,28,1,2,3,3,1,9,10,10,10,8
152,0,16,3,0.19,13,4,27,2,3,1,4,3,7,9,8,10,8
153,0,16,3,0.19,7,4,28,1,1,2,6,3,7,7,6,7,6
154,0,16,7,0.44,8,2,27,8,3,6,4,1,8,9,9,9,9
155,0,16,1,0.06,8,2,27,5,1,2,5,1,7,10,6,8,9
156,0,16,4,0.25,8,1,30,1,1,2,6,3,8,10,10,9,10
157,0,16,1,0.06,8,4,28,5,3,1,6,1,7,8,9,8,9
158,1,16,0, -   ,10,2,23,3,4,4,6,2,7,9,7,9,6
159,1,16,2,0.13,10,2,28,7,2,1,6,2,5,9,8,9,7
160,1,16,3,0.19,8,1,29,3,4,2,5,2,8,8,9,8,9
161,1,16,2,0.13,10,2,22,6,2,2,4,2,8,7,9,9,7
162,1,16,2,0.13,10,4,27,1,1,2,6,2,7,8,7,9,8
163,1,16,3,0.19,9,2,26,1,1,4,3,3,7,8,8,9,7
164,1,16,2,0.13,7,2,27,1,1,1,6,2,7,9,6,9,4
165,1,16,3,0.19,13,2,30,4,7,3,6,3,8,6,7,9,2
166,1,16,3,0.19,8,6,26,1,9,5,5,2,7,7,7,7,7
167,1,16,3,0.19,10,2,23,1,1,2,6,2,6,7,7,7,5
168,1,16,1,0.06,10,4,23,1,1,1,4,2,5,5,5,5,5
169,1,16,5,0.31,10,2,28,2,3,2,6,2,7,9,7,8,7
170,1,16,0, -   ,10,4,28,2,1,1,5,3,7,8,6,9,8
171,1,16,4,0.25,8,2,29,1,1,1,4,2,10,10,10,10,10
172,1,16,5,0.31,8,2,27,5,7,1,3,1,5,6,9,8,9
173,1,16,5,0.31,2,2,22,5,7,1,4,1,7,9,9,9,9
174,0,10,2,0.2,8,4,29,1,1,4,5,3,9,10,8,8,6
175,0,10,3,0.3,13,6,23,5,8,2,3,1,7,10,8,8,9
176,0,10,3,0.3,8,4,28,10,1,2,6,3,6,9,7,8,6
177,0,10,0, -   ,13,2,22,8,3,2,5,2,9,9,8,9,9
178,0,10,1,0.1,3,4,35,5,5,2,4,2,9,9,7,8,7
179,0,10,1,0.1,6,3,30,5,1,1,6,3,8,10,6,8,10
180,0,10,2,0.2,8,4,24,2,2,6,4,2,9,9,10,9,9
181,0,10,5,0.5,4,1,22,7,8,1,5,5,9,9,9,9,9
182,0,10,0, -   ,4,1,22,7,5,1,4,3,8,8,8,8,10
183,0,10,1,0.1,11,2,24,1,1,1,7,3,9,7,9,9,7
184,1,10,4,0.4,8,2,34,1,1,2,4,2,6,10,7,9,5
185,1,10,1,0.1,2,4,25,3,4,1,7,4,10,10,7,8,8
186,1,10,3,0.3,5,4,24,4,3,1,7,3,4,8,4,7,6
187,1,10,1,0.1,8,2,26,10,5,2,4,1,8,9,7,10,7
188,1,10,1,0.1,5,2,21,1,1,2,3,1,7,5,7,10,10
189,1,10,0, -   ,1,6,27,6,1,1,6,2,8,8,8,8,9
190,1,10,3,0.3,13,2,25,1,1,2,7,3,7,7,7,7,7
191,1,10,2,0.2,8,2,28,6,1,5,4,2,7,7,6,7,8
192,1,10,1,0.1,8,2,24,2,7,1,6,2,7,10,9,9,10
193,1,10,2,0.2,1,4,25,2,2,1,6,2,7,9,5,10,7
194,0,20,1,0.05,3,2,24,9,9,3,3,2,9,10,8,10,10
195,0,20,5,0.25,10,2,27,3,9,1,2,1,9,8,10,10,8
196,0,20,2,0.1,7,4,25,1,6,1,1,1,9,9,9,9,9
197,0,20,3,0.15,13,6,24,2,1,1,4,3,7,8,9,9,7
198,0,20,0, -   ,13,4,23,8,5,2,2,3,7,9,7,9,7
199,0,20,5,0.25,7,2,30,2,1,4,5,3,9,7,7,9,9
200,0,20,3,0.15,8,2,25,1,1,1,7,2,8,10,8,8,8
201,0,20,1,0.05,8,2,25,8,8,1,4,2,7,8,9,9,8
202,0,20,2,0.1,2,2,22,8,5,2,6,2,7,10,9,10,8
203,0,20,0, -   ,2,2,22,4,10,6,6,2,9,8,9,10,7
204,0,20,0, -   ,8,2,26,8,6,3,5,1,9,5,9,10,10
205,0,20,2,0.1,10,2,23,5,5,1,7,1,7,8,9,10,5
206,0,20,8,0.4,8,1,31,2,2,1,5,1,8,8,8,8,8
207,0,20,3,0.15,10,2,23,9,5,1,3,1,8,8,10,8,9
208,0,20,11,0.55,10,1,25,2,1,2,4,3,9,10,10,10,10
209,0,20,0, -   ,13,1,28,7,3,3,6,2,7,9,8,7,8
210,0,20,3,0.15,10,2,29,10,4,2,6,3,8,8,6,9,9
211,0,20,2,0.1,13,2,28,9,1,2,4,1,7,9,9,9,9
212,0,20,9,0.45,8,3,27,3,6,1,5,2,7,9,7,8,9
213,0,20,2,0.1,13,3,25,9,10,2,4,2,8,10,9,9,9
214,1,20,2,0.1,10,2,23,6,8,1,6,2,8,10,10,9,8
215,1,20,5,0.25,8,4,26,3,1,1,4,1,7,8,9,9,9
216,1,20,0, -   ,8,2,27,7,1,2,5,3,5,10,9,9,10
217,1,20,8,0.4,10,2,26,8,1,5,4,2,7,10,7,10,10
218,1,20,1,0.05,10,2,24,9,5,1,4,2,7,6,3,10,10
219,1,20,6,0.3,8,2,26,1,1,1,3,2,7,7,6,9,6
220,1,20,3,0.15,13,6,25,1,1,1,5,2,10,10,10,10,10
221,1,20,5,0.25,8,4,27,6,1,2,6,3,7,9,7,9,9
222,1,20,0, -   ,2,2,27,8,3,2,6,3,4,9,7,9,4
223,1,20,1,0.05,7,2,28,6,6,2,4,2,7,8,7,9,6
224,1,20,4,0.2,3,2,32,1,3,6,7,4,8,10,8,8,8
225,1,20,2,0.1,8,3,28,4,9,1,7,2,5,9,7,6,7
226,1,20,4,0.2,8,2,23,1,3,2,3,1,10,10,10,10,10
227,1,20,3,0.15,8,2,26,7,7,2,6,3,7,10,8,10,10
228,1,20,1,0.05,10,4,24,1,4,3,7,3,5,8,4,7,8
229,1,20,4,0.2,10,2,28,7,1,1,6,3,8,7,5,10,10
230,1,20,4,0.2,13,2,42,5,1,2,7,3,6,6,6,6,6
231,1,20,3,0.15,13,3,30,1,1,1,6,3,8,8,8,9,3
232,1,20,1,0.05,13,2,31,4,7,2,5,4,8,8,8,8,6
233,1,20,5,0.25,13,4,29,1,1,1,3,2,7,8,8,7,8
234,0,9,0, -   ,3,6,22,1,5,3,7,3,7,7,8,8,10
235,0,9,2,0.22,9,2,23,3,1,1,4,3,6,9,9,8,9
236,0,9,0, -   ,10,4,24,3,3,2,7,1,7,9,10,8,8
237,0,9,1,0.11,7,2,34,10,1,3,7,4,8,10,7,8,8
238,0,9,2,0.22,15,2,27,3,5,1,2,1,10,9,10,9,8
239,0,9,1,0.11,10,2,34,6,6,2,6,3,7,9,7,9,4
240,0,9,1,0.11,8,4,26,1,1,1,6,3,3,8,5,3,6
241,0,9,3,0.33,8,4,29,1,1,2,4,2,8,10,8,8,8
242,0,9,5,0.56,3,3,26,3,3,3,7,3,7,9,7,8,4
243,1,9,3,0.33,16,2,27,2,3,2,6,2,7,9,8,9,5
244,1,9,1,0.11,8,2,28,8,9,2,5,3,7,10,7,10,10
245,1,9,1,0.11,7,2,32,1,6,4,5,2,5,7,6,8,7
246,1,9,1,0.11,10,2,25,7,1,1,7,6,7,8,6,7,6
247,1,9,0, -   ,10,4,25,1,1,1,6,4,5,10,2,8,4
248,1,9,3,0.33,8,6,27,1,1,1,4,1,5,6,8,8,8
249,1,9,0, -   ,8,6,33,2,7,2,3,1,7,9,7,10,7
250,1,9,5,0.56,6,6,25,1,1,4,2,1,10,9,9,10,10
251,1,9,1,0.11,7,6,33,2,2,6,4,1,8,10,9,10,9
252,0,21,2,0.1,13,3,28,1,1,1,6,2,9,9,9,9,10
253,0,21,2,0.1,3,4,33,1,1,2,6,6,8,10,9,8,7
254,0,21,0, -   ,7,2,22,8,3,2,6,2,8,7,8,10,8
255,0,21,0, -   ,10,4,26,3,1,1,7,3,6,8,6,7,6
256,0,21,3,0.14,4,4,24,6,5,2,6,4,6,9,6,8,6
257,0,21,0, -   ,9,2,24,5,6,2,5,1,7,9,7,9,10
258,0,21,7,0.33,9,6,25,1,10,1,6,1,6,10,8,9,5
259,0,21,1,0.05,10,2,25,2,2,2,7,1,7,9,8,8,9
260,0,21,6,0.29,10,4,27,4,4,2,7,3,6,9,7,9,6
261,0,21,5,0.24,10,4,26,1,4,1,7,2,5,8,7,7,8
262,0,21,0, -   ,3,2,29,1,10,6,6,3,6,10,5,9,3
263,0,21,6,0.29,3,1,26,9,10,1,6,2,8,8,8,8,5
264,0,21,4,0.19,6,2,26,1,3,1,6,2,8,7,8,9,5
265,0,21,1,0.05,1,2,32,3,3,4,5,2,7,9,7,10,10
266,0,21,4,0.19,16,2,28,2,2,2,7,3,8,8,7,7,4
267,0,21,0, -   ,10,4,26,2,2,1,3,3,7,6,5,7,7
268,0,21,10,0.48,4,3,24,1,1,5,6,1,9,9,8,9,9
269,0,21,6,0.29,7,2,24,4,5,2,6,2,8,8,6,8,7
270,0,21,5,0.24,10,4,23,2,4,2,5,1,5,4,7,8,6
271,0,21,2,0.1,11,2,23,10,9,2,4,1,9,10,10,9,10
272,0,21,0, -   ,11,2,25,10,10,2,4,1,9,10,10,9,10
273,1,21,1,0.05,10,2,29,8,4,2,5,2,7,10,5,7,7
274,1,21,6,0.29,3,3,24,3,3,3,4,2,7,7,10,9,9
275,1,21,1,0.05,5,2,21,1,1,2,4,3,10,7,6,10,10
276,1,21,5,0.24,10,2,26,7,3,2,4,1,7,6,7,10,8
277,1,21,5,0.24,10,2,25,1,1,1,7,5,4,8,8,8,5
278,1,21,0, -   ,5,2,32,1,1,1,3,1,8,8,8,8,8
279,1,21,5,0.24,10,2,25,7,1,3,4,2,8,9,6,10,7
280,1,21,5,0.24,10,2,25,2,1,3,6,2,5,9,5,8,6
281,1,21,2,0.1,3,2,27,2,5,6,5,5,7,8,6,8,5
282,1,21,7,0.33,5,1,23,1,1,1,4,3,7,9,9,7,10
283,1,21,2,0.1,5,4,27,1,1,1,4,2,9,9,9,9,9
284,1,21,1,0.05,8,2,27,1,5,1,5,2,7,6,7,8,7
285,1,21,2,0.1,5,6,24,1,1,4,6,6,8,10,10,10,8
286,1,21,0, -   ,2,2,22,4,7,1,6,3,3,6,6,7,7
287,1,21,0, -   ,13,4,22,1,1,1,7,3,7,10,5,7,10
288,1,21,4,0.19,3,2,27,3,5,1,6,3,5,8,7,8,7
289,1,21,5,0.24,8,4,28,1,2,1,4,1,4,9,10,8,8
290,1,21,2,0.1,10,2,34,2,6,2,5,2,5,4,5,10,9
291,1,21,5,0.24,10,4,27,5,5,1,3,2,6,9,7,9,9
292,1,21,4,0.19,13,1,28,7,1,1,2,1,8,10,8,10,10
293,1,21,2,0.1,8,3,28,3,7,2,5,2,7,10,9,9,9
294,0,14,1,0.07,9,4,30,1,1,1,6,2,9,10,7,9,7
295,0,14,0, -   ,9,2,30,5,7,2,6,1,7,10,8,8,8
296,0,14,3,0.21,9,2,28,10,10,1,4,2,8,9,6,10,9
297,0,14,4,0.29,9,2,21,9,8,2,2,1,8,10,9,8,9
298,0,14,0, -   ,6,2,22,7,1,2,6,2,7,10,9,10,10
299,0,14,1,0.07,11,4,24,1,1,2,6,2,6,9,9,8,9
300,0,14,2,0.14,3,2,35,1,1,2,6,2,8,9,9,9,10
301,0,14,2,0.14,9,2,34,3,8,2,4,1,9,9,8,9,8
302,0,14,0, -   ,3,2,21,8,7,2,3,1,8,8,8,8,10
303,0,14,1,0.07,9,2,33,2,1,4,5,1,8,10,9,8,6
304,0,14,1,0.07,3,2,28,1,10,1,7,2,6,10,10,8,8
305,0,14,2,0.14,9,4,29,6,9,1,4,1,7,9,8,9,5
306,0,14,1,0.07,9,4,22,6,2,1,6,3,6,9,8,8,8
307,0,14,3,0.21,9,4,27,1,3,5,7,2,5,8,7,8,8
308,1,14,1,0.07,9,4,27,7,3,1,7,2,7,10,8,8,7
309,1,14,2,0.14,9,2,32,5,9,3,3,2,7,8,9,9,7
310,1,14,1,0.07,5,2,25,7,8,1,3,1,7,6,8,7,4
311,1,14,1,0.07,8,4,29,1,1,2,6,1,9,9,10,9,3
312,1,14,1,0.07,15,2,23,3,1,2,4,2,8,7,7,9,9
313,1,14,1,0.07,8,2,27,2,3,1,4,1,7,8,8,8,6
314,1,14,0, -   ,13,6,32,3,1,2,6,2,8,8,8,9,7
315,1,14,2,0.14,5,2,27,1,4,3,5,3,6,10,6,8,7
316,1,14,6,0.43,8,2,25,3,3,2,4,1,6,8,7,8,9
317,1,14,3,0.21,8,2,30,1,1,1,4,1,7,3,8,8,5
318,1,14,0, -   ,8,6,29,1,1,2,6,1,6,10,6,10,10
319,1,14,3,0.21,9,2,26,2,4,6,7,2,5,10,6,9,3
320,1,14,0, -   ,7,2,36,6,8,4,5,5,8,8,9,9,7
321,1,14,0, -   ,8,2,29,3,3,1,5,1,6,8,7,7,8
322,0,9,2,0.22,3,4,34,2,1,2,2,2,5,9,8,7,7
323,0,9,3,0.33,5,4,25,1,1,2,4,3,7,9,6,8,3
324,0,9,4,0.44,3,2,23,8,3,1,4,2,9,9,9,9,8
325,0,9,3,0.33,3,3,30,2,4,2,6,2,7,9,7,8,8
326,0,9,2,0.22,9,1,36,5,5,2,6,4,8,9,6,9,8
327,0,9,0, -   ,13,2,29,2,7,2,6,3,7,7,9,8,10
328,0,9,1,0.11,9,2,30,1,1,2,3,1,7,10,8,10,10
329,0,9,0, -   ,9,2,29,1,1,6,6,2,8,9,5,8,8
330,0,9,1,0.11,5,4,22,3,3,1,7,3,8,10,9,7,9
331,0,9,0, -   ,9,2,34,1,1,1,6,3,7,9,9,7,4
332,1,10,2,0.2,3,4,30,1,1,3,7,4,5,10,6,6,10
333,1,10,2,0.2,8,2,23,5,3,1,3,1,7,4,7,9,9
334,1,10,0, -   ,8,4,29,1,1,1,5,3,8,7,8,8,9
335,1,10,1,0.1,3,2,24,1,8,1,3,3,8,7,9,8,8
336,1,10,1,0.1,17,3,25,1,5,1,5,2,5,9,7,7,9
337,1,10,3,0.3,5,2,28,1,1,1,5,3,6,6,6,6,6
338,1,10,2,0.2,5,6,27,1,1,1,4,2,7,9,7,9,10
339,1,10,4,0.4,0,0,0,0,0,0,0,0,0,0,0,0,0
340,1,10,1,0.1,0,0,0,0,0,0,0,0,0,0,0,0,0
341,0,18,3,0.17,13,4,23,3,10,1,6,1,7,9,9,7,9
342,0,18,1,0.06,9,3,33,2,1,1,6,3,10,10,10,10,10
343,0,18,2,0.11,10,2,32,5,6,3,2,1,4,8,6,10,7
344,0,18,4,0.22,13,3,26,1,3,3,4,3,7,7,8,8,9
345,0,18,4,0.22,10,2,24,7,6,2,7,4,7,9,7,9,7
346,0,18,6,0.33,0,0,0,0,0,0,0,0,0,0,0,0,0
347,0,18,0, -   ,9,1,26,1,1,5,6,1,8,6,10,10,10
348,0,18,1,0.06,9,4,21,3,3,2,6,1,6,10,10,10,10
349,0,18,8,0.44,3,2,33,1,7,1,4,2,7,8,8,9,7
350,0,18,3,0.17,10,2,31,9,5,2,7,3,7,10,6,8,8
351,0,18,5,0.28,9,4,35,1,3,2,5,4,8,10,7,8,9
352,0,18,3,0.17,9,6,29,6,6,2,4,3,9,10,9,9,8
353,0,18,1,0.06,9,4,25,7,7,1,2,1,6,6,6,6,6
354,0,18,8,0.44,3,2,22,9,8,1,6,1,7,7,10,8,8
355,0,18,1,0.06,3,2,24,10,2,1,4,3,6,10,8,8,8
356,0,18,1,0.06,3,2,27,2,4,1,7,2,7,10,8,9,6
357,0,18,3,0.17,9,4,27,10,10,1,4,2,6,10,7,7,6
358,0,18,2,0.11,8,4,26,1,1,1,5,3,8,7,8,8,7
359,0,18,3,0.17,6,2,26,1,5,2,6,3,7,10,2,9,8
360,0,18,4,0.22,3,6,24,8,4,2,6,2,8,10,8,8,8
361,1,20,1,0.05,1,2,34,5,5,2,6,6,7,7,5,7,9
362,1,20,5,0.25,1,2,30,1,1,1,4,3,7,7,9,8,8
363,1,20,2,0.1,5,4,23,1,1,3,6,2,5,7,8,8,3
364,1,20,6,0.3,8,3,27,6,2,3,4,2,8,8,8,9,9
365,1,20,1,0.05,8,2,30,1,1,1,2,1,8,2,9,9,9
366,1,20,10,0.5,8,2,27,4,6,1,4,1,6,8,9,8,10
367,1,20,4,0.2,13,2,27,6,3,3,4,1,7,7,8,7,5
368,1,20,6,0.3,13,6,24,1,1,1,4,2,6,8,8,8,7
369,1,20,8,0.4,3,2,25,1,8,2,5,3,6,9,9,10,7
370,1,20,1,0.05,8,2,28,7,4,3,4,1,8,6,9,9,9
371,1,20,4,0.2,8,2,27,3,1,5,7,1,10,8,10,10,10
372,1,20,3,0.15,8,2,27,9,7,2,5,2,7,8,8,9,8
373,1,20,4,0.2,8,3,29,3,1,2,5,2,9,8,9,9,9
374,1,20,1,0.05,8,4,30,6,6,2,4,2,6,7,6,7,7
375,1,20,3,0.15,8,2,27,3,2,1,3,1,8,9,9,8,9
376,1,20,2,0.1,8,4,25,10,7,2,5,2,6,10,8,9,10
377,1,20,1,0.05,8,4,26,3,2,1,5,1,7,8,8,7,7
378,1,20,1,0.05,8,2,29,3,2,6,5,2,6,7,7,9,7
379,0,19,2,0.11,8,2,38,4,6,2,7,2,6,9,6,8,9
380,0,19,2,0.11,14,1,33,4,8,2,7,4,4,7,9,9,9
381,0,19,2,0.11,14,2,24,6,3,5,4,1,7,7,10,9,8
382,0,19,4,0.21,14,2,28,8,1,2,7,3,7,7,7,7,10
383,0,19,4,0.21,9,2,27,10,5,3,6,2,7,9,7,6,6
384,0,19,7,0.37,9,2,23,9,6,2,5,3,8,8,9,8,9
385,0,19,7,0.37,9,2,25,5,8,2,5,3,8,8,6,8,6
386,0,19,2,0.11,3,2,26,4,2,2,7,2,7,8,9,9,9
387,0,19,8,0.42,3,2,25,5,2,2,7,2,8,8,8,8,8
388,0,19,1,0.05,3,2,24,1,6,2,4,2,8,8,7,8,8
389,0,19,8,0.42,1,2,21,1,1,2,3,1,8,10,9,7,5
390,0,19,3,0.16,9,4,30,1,10,6,4,3,8,8,8,8,8
391,0,19,1,0.05,6,2,28,1,5,1,4,1,8,9,9,9,7
392,0,19,2,0.11,6,2,26,6,1,5,4,3,4,7,7,8,7
393,0,19,5,0.26,6,2,22,4,8,1,7,1,7,9,8,8,8
394,0,19,1,0.05,6,2,24,1,6,2,4,2,9,8,7,7,7
395,0,19,2,0.11,6,2,33,1,2,3,4,2,8,8,7,9,7
396,0,19,2,0.11,15,4,25,1,5,2,7,2,8,10,10,10,8
397,1,18,3,0.17,1,2,24,3,2,2,5,2,7,7,7,10,9
398,1,18,6,0.33,8,2,29,7,2,2,3,1,7,6,10,7,8
399,1,18,1,0.06,8,2,29,1,1,2,4,2,9,9,9,9,9
400,1,18,6,0.33,8,2,26,7,7,5,4,2,7,10,6,8,7
401,1,18,1,0.06,8,2,31,1,1,2,4,1,8,5,7,10,5
402,1,18,1,0.06,2,4,29,1,1,3,4,2,6,8,7,10,9
403,1,18,1,0.06,5,2,22,6,6,5,5,3,4,8,7,9,9
404,1,18,9,0.5,5,2,23,1,4,2,5,2,6,9,7,8,8
405,1,18,0, -   ,13,1,30,1,1,4,5,5,8,8,10,9,10
406,1,18,5,0.28,8,4,27,1,1,1,6,2,6,7,8,8,9
407,1,18,2,0.11,14,2,24,1,1,3,4,2,7,9,8,7,8
408,1,18,5,0.28,13,3,24,1,1,2,7,1,8,7,10,8,9
409,1,18,5,0.28,5,2,23,5,5,2,6,3,7,9,8,9,8
410,1,18,3,0.17,8,2,27,8,8,1,5,1,7,10,6,10,10
411,1,18,1,0.06,8,2,34,8,2,3,4,1,8,6,9,7,5
412,1,18,4,0.22,8,2,27,1,1,1,5,2,7,7,8,8,8
413,1,18,1,0.06,8,2,26,5,3,1,0,2,7,9,7,8,6
414,1,18,8,0.44,8,2,29,2,10,6,1,1,0,0,0,0,0
415,1,18,1,0.06,8,2,31,3,1,1,4,2,7,8,4,10,8
416,0,8,6,0.75,3,3,25,3,3,6,4,1,0,0,0,0,0
417,0,8,1,0.13,3,2,29,1,1,1,5,3,7,8,4,8,8
418,0,8,0, -   ,1,4,25,7,3,6,7,2,7,9,7,8,5
419,0,8,1,0.13,11,2,28,0,1,4,2,1,9,8,5,9,3
420,0,8,2,0.25,11,2,22,1,1,5,4,2,8,9,7,10,7
421,0,8,2,0.25,11,4,25,5,5,1,4,3,7,7,6,6,6
422,1,6,4,0.67,8,2,26,6,7,2,4,2,8,10,8,8,8
423,1,6,2,0.33,8,2,30,1,1,2,4,1,7,9,8,9,9
424,1,6,2,0.33,5,4,24,4,4,2,6,3,7,7,7,7,7
425,1,6,0, -   ,8,2,28,3,7,2,4,2,6,9,6,9,9
426,1,6,1,0.17,8,2,24,4,7,2,2,1,8,8,8,10,9
427,1,6,0, -   ,13,2,28,1,1,1,7,3,7,10,8,7,9
428,1,6,2,0.33,8,4,27,8,8,3,2,1,8,8,7,9,9
429,1,6,1,0.17,8,2,27,1,1,2,2,2,8,8,9,9,8
430,0,14,0, -   ,9,4,22,3,10,1,6,2,5,8,8,5,8
431,0,14,2,0.14,9,4,27,5,8,2,7,3,7,10,7,9,10
432,0,14,6,0.43,11,2,28,1,1,4,6,3,7,8,8,8,8
433,0,14,2,0.14,15,6,30,3,3,2,6,3,8,6,7,8,5
434,0,14,1,0.07,11,2,27,2,2,1,4,2,7,7,8,6,4
435,0,14,3,0.21,1,1,22,1,1,1,7,2,7,9,9,9,9
436,0,14,2,0.14,1,2,23,9,1,1,6,1,9,8,10,7,6
437,0,14,3,0.21,11,2,23,2,6,1,4,1,7,9,9,9,8
438,0,14,2,0.14,11,2,23,1,5,1,4,1,7,8,7,7,7
439,0,14,3,0.21,9,2,29,1,5,2,3,2,8,8,7,7,7
440,1,10,0, -   ,1,2,21,8,2,1,7,2,8,8,9,9,9
441,1,10,2,0.2,1,2,24,4,2,2,7,1,8,7,8,9,8
442,1,10,4,0.4,1,2,25,1,1,4,6,1,7,9,8,8,9
443,1,10,0, -   ,13,3,27,1,3,2,6,2,7,10,9,7,7
444,1,10,0, -   ,8,2,26,5,1,2,4,2,8,7,9,8,7
445,1,10,2,0.2,13,2,30,1,1,2,5,2,9,8,7,10,7
446,1,10,4,0.4,8,3,28,2,2,1,4,3,6,8,9,7,5
447,1,10,1,0.1,13,4,26,1,1,1,7,2,6,10,6,7,4
448,1,10,5,0.5,1,2,22,1,1,1,2,1,8,9,8,9,10
449,1,10,2,0.2,1,6,23,7,1,1,3,1,7,10,10,10,8
450,1,10,2,0.2,13,2,25,3,7,2,6,2,9,6,7,10,10
451,1,10,0, -   ,8,4,30,3,1,2,3,3,2,4,4,4,4
452,1,10,1,0.1,8,4,29,7,1,1,5,3,7,8,7,10,8
453,1,10,1,0.1,1,4,27,4,3,2,6,5,5,6,7,8,5
454,0,6,0, -   ,15,2,27,3,3,2,7,3,8,9,9,9,7
455,0,6,0, -   ,10,4,24,5,5,1,6,2,7,9,9,8,8
456,0,6,1,0.17,8,4,29,3,2,2,6,1,8,8,6,7,7
457,0,6,0, -   ,6,4,55,1,1,6,7,3,7,6,7,8,3
458,0,6,2,0.33,8,4,29,9,8,1,4,1,10,10,9,10,10
459,0,6,0, -   ,8,4,26,6,1,1,5,3,5,5,5,5,8
460,1,6,1,0.17,7,2,33,2,1,1,4,2,8,8,7,9,7
461,1,6,0, -   ,5,6,27,2,2,1,7,4,6,8,9,8,7
462,1,6,1,0.17,5,4,33,1,5,4,6,6,4,9,6,8,2
463,1,6,0, -   ,10,4,23,3,2,2,7,1,6,7,7,8,7
464,1,6,1,0.17,8,4,33,1,1,1,3,1,5,8,8,9,10
465,1,6,0, -   ,7,2,23,1,3,6,7,3,7,10,8,7,5
466,0,15,0, -   ,18,2,24,1,1,6,7,1,7,9,7,8,8
467,0,15,7,0.47,8,2,24,7,4,6,2,1,8,8,8,8,8
468,0,15,3,0.2,13,6,25,5,2,1,6,3,8,9,6,8,8
469,0,15,5,0.33,13,4,25,1,1,2,3,1,8,8,8,6,6
470,0,15,5,0.33,4,4,29,1,1,1,4,2,4,9,5,8,6
471,0,15,1,0.07,4,4,30,8,8,2,5,3,7,8,8,9,9
472,0,15,2,0.13,5,3,25,1,3,2,4,2,8,10,10,8,9
473,0,15,1,0.07,10,4,34,1,1,2,6,4,7,9,8,10,7
474,0,15,4,0.27,10,1,30,1,1,1,6,5,9,9,10,8,7
475,0,15,2,0.13,13,3,27,1,2,1,6,2,5,8,5,7,7
476,0,15,2,0.13,13,2,25,1,3,5,5,2,7,9,5,7,6
477,0,15,0, -   ,5,3,27,5,7,1,4,2,6,8,7,7,7
478,0,15,2,0.13,13,2,26,4,4,1,4,1,7,8,9,8,7
479,0,15,0, -   ,13,2,27,3,3,1,4,3,8,8,8,8,8
480,0,15,3,0.2,5,2,26,4,6,1,4,1,8,9,10,8,7
481,1,15,1,0.07,9,2,23,8,1,2,3,2,8,7,8,9,5
482,1,15,4,0.27,8,2,30,2,6,2,6,1,7,10,9,8,8
483,1,15,0, -   ,3,2,28,1,1,6,3,1,8,10,10,10,10
484,1,15,2,0.13,18,4,31,1,1,1,6,4,4,8,2,9,9
485,1,15,2,0.13,3,1,29,4,3,2,6,2,8,8,7,8,7
486,1,15,1,0.07,10,3,32,1,1,3,6,2,7,10,8,9,9
487,1,15,0, -   ,6,4,24,1,1,1,5,3,7,9,6,8,5
488,1,15,2,0.13,8,4,29,1,1,3,2,3,5,10,7,10,8
489,1,15,8,0.53,8,2,28,6,5,3,2,1,6,8,8,9,10
490,1,15,1,0.07,14,2,29,6,1,2,6,3,3,7,6,8,6
491,1,15,4,0.27,8,3,29,3,3,2,4,1,7,7,7,7,7
492,1,15,7,0.47,10,6,30,1,1,2,4,2,10,10,10,10,10
493,1,15,1,0.07,13,4,20,1,1,5,6,5,7,7,8,8,8
494,1,15,2,0.13,6,2,30,2,8,4,3,3,9,10,10,10,7
495,1,15,2,0.13,15,6,32,5,6,2,2,1,7,7,7,8,9
496,0,7,1,0.14,5,4,23,1,1,1,5,2,5,8,6,9,8
497,0,7,0, -   ,10,2,24,5,5,1,7,1,8,10,10,9,8
498,0,7,0, -   ,10,2,25,9,9,1,4,1,8,9,10,9,10
499,0,7,2,0.29,10,2,26,1,9,5,4,1,9,10,9,10,4
500,0,7,1,0.14,10,1,25,7,9,1,5,3,8,9,9,9,9
501,0,7,1,0.14,10,2,26,7,4,5,4,3,8,9,8,9,9
502,1,6,0, -   ,5,4,26,1,1,1,3,2,7,7,9,9,9
503,1,6,0, -   ,10,2,25,1,5,5,6,5,7,9,4,10,5
504,1,6,2,0.33,5,2,23,1,1,2,5,2,7,5,6,8,8
505,1,6,1,0.17,6,4,27,1,1,3,4,1,9,10,8,10,10
506,1,6,0, -   ,2,4,24,5,5,1,7,2,5,8,7,9,10
507,1,6,1,0.17,2,4,24,1,1,5,7,3,7,8,7,8,7
508,1,6,1,0.17,2,4,36,1,5,3,5,1,7,8,8,9,8
509,0,22,6,0.27,6,4,28,2,2,2,4,2,5,6,4,8,9
510,0,22,7,0.32,8,3,26,3,3,2,7,2,7,9,6,8,4
511,0,22,4,0.18,5,4,23,2,2,2,7,3,8,4,10,8,8
512,0,22,1,0.05,15,2,0,1,1,1,3,2,7,8,8,7,7
513,0,22,6,0.27,15,2,23,1,1,2,6,4,6,8,7,6,4
514,0,22,0, -   ,3,2,23,8,9,2,4,3,8,10,8,9,7
515,0,22,2,0.09,6,2,23,8,5,1,6,3,8,10,8,10,8
516,0,22,6,0.27,10,4,27,9,3,2,6,3,8,9,9,8,8
517,0,22,0, -   ,15,3,30,1,1,5,5,3,8,9,7,9,7
518,0,22,6,0.27,15,2,23,2,1,5,7,2,6,9,8,8,7
519,0,22,0, -   ,9,2,26,8,9,2,4,2,8,10,9,9,10
520,0,22,0, -   ,11,6,28,2,1,1,7,1,8,9,7,8,5
521,0,22,7,0.32,11,2,26,3,1,1,3,1,7,9,9,8,8
522,0,22,5,0.23,1,2,22,3,6,1,6,2,7,7,7,9,8
523,0,22,2,0.09,9,4,27,3,2,2,4,3,6,9,8,9,6
524,0,22,14,0.64,4,4,25,9,6,2,7,4,5,9,7,8,7
525,0,22,0, -   ,15,2,24,2,8,2,4,1,6,10,8,10,9
526,0,22,2,0.09,11,3,26,5,2,1,5,3,3,6,9,7,10
527,0,22,0, -   ,11,6,24,5,5,1,4,3,10,10,10,10,10
528,0,22,0, -   ,11,3,29,8,7,2,6,1,9,6,8,8,8
529,0,22,2,0.09,5,4,22,4,1,2,4,1,6,10,9,7,5
530,0,22,2,0.09,5,4,22,1,1,2,7,3,3,9,9,9,7
531,1,22,1,0.05,5,4,25,5,1,2,7,2,10,10,6,10,10
532,1,22,3,0.14,5,4,26,8,3,1,2,2,7,9,7,8,8
533,1,22,2,0.09,5,2,26,1,1,2,6,2,8,9,8,9,9
534,1,22,6,0.27,5,6,24,1,1,3,5,6,7,9,8,9,5
535,1,22,8,0.36,10,2,23,5,6,1,5,3,6,7,6,7,5
536,1,22,3,0.14,2,2,29,1,1,1,5,2,7,8,8,8,8
537,1,22,2,0.09,5,4,22,7,1,1,5,1,7,9,9,9,7
538,1,22,4,0.18,5,2,32,1,1,1,4,2,7,8,9,8,8
539,1,22,2,0.09,1,2,22,6,6,1,4,1,8,8,9,10,10
540,1,22,1,0.05,5,2,24,5,1,1,7,4,5,7,6,5,7
541,1,22,1,0.05,5,4,23,2,2,3,7,3,8,9,9,9,8
542,1,22,3,0.14,5,4,23,7,1,2,5,3,8,9,8,8,9
543,1,22,0, -   ,5,4,24,9,6,1,7,2,7,9,9,8,9
544,1,22,3,0.14,5,4,23,3,8,1,7,3,7,10,10,9,8
545,1,22,2,0.09,5,2,24,7,1,1,7,2,8,8,8,9,6
546,1,22,6,0.27,8,2,30,3,4,2,4,1,9,8,10,8,7
547,1,22,3,0.14,8,2,30,1,1,2,3,1,7,9,8,8,8
548,1,22,5,0.23,8,2,30,8,8,1,6,1,10,10,10,10,10
549,1,22,5,0.23,8,2,28,2,3,1,7,1,7,10,8,9,9
550,1,22,4,0.18,8,2,30,5,6,2,4,1,7,7,7,7,7
551,1,22,2,0.09,8,1,27,2,1,1,6,3,7,8,3,8,5
552,1,22,6,0.27,18,2,25,1,1,1,2,1,8,7,6,7,7
